crib_0000000_0000000_974_1435.png,crib_0000001_0000002_3651_4090.png,crib_0000031_0000032_63744_64206.png,crib_0000033_0000033_66439_66818.png,crib_0000059_0000059_118708_119155.png,crib_0000206_0000206_413557_413973.png,crib_0004943_0004943_9887118_9887493.png,crib_0009356_0009356_18713198_18713637.png,crib_0020050_0020051_20050688_20051131.png,crib_0020053_0020053_20053341_20053798.png
21.024,27.785,47.634,38.001,48.972,32.776,67.007,10.198,49.49,38.21
20.1,28.182,32.527,17.308,23.436,19.416,9.849,23.943,24.546,42.012
15.811,15.116,11.045,19.003,24.254,23.259,17.464,14.5,31.516,20.1
14.318,33.708,14.509,35.681,22.897,17.066,45.541,24.622,13.657,25.495
18.028,23,25.622,36.431,25.08,9.5,21.84,14.23,22.825,26.627
51.546,34.234,17.903,36.472,38.082,9.394,35.014,16.286,41.183,25.495
17.464,9,32.202,13.275,53.106,12.5,19.698,22.611,23.854,47.011
30.61,9.22,25.06,17.117,15.62,28.779,17.464,23.087,10.296,25.495
35.384,8.062,32.871,26.308,5,18.561,48.374,34.132,21.662,28.792
26.077,20.5,19.449,31.088,41.503,30.956,49.497,24.52,8.559,9
35.355,23.505,24.627,26.283,31.064,35,44,13.2,3,19.723
35.228,12.806,14.5,31.753,7.018,23.585,26.476,9,6.708,59.076
30.463,19.906,11,36.156,7.5,11.543,25.495,7.382,18.337,32.985
42.426,30.663,26.907,41.732,34.59,13.463,62.032,11.511,11.18,26.401
27.659,19.32,22.5,52.154,26.306,15.008,59.135,15.264,21.024,29.698
23.77,17.557,8.5,33.923,15.652,14.221,39.205,13.463,27.281,59.816
21.024,12,10.112,30.009,32.558,14.509,47.518,15,13.086,27.659
10.63,22.277,25.145,25.373,22,10.7,27.295,16.978,8.062,28
21.471,23.712,13.314,30.872,25.5,20,37.216,23.601,12.5,47.424
33.541,15.7,19.026,22.864,10.512,16.008,28.284,19.449,2.915,49.93
30.48,7.211,13.829,22.395,19.039,19.235,14.142,18.822,8.846,17.72
26.627,17.493,24.829,34.359,17.5,19.474,43.081,23.324,6,10.77
40.012,24.965,12.54,12.53,55.009,5,13.928,19.812,9.552,54.589
14.036,24.021,23.691,17,28.623,12.619,21.095,7.018,9.618,15.297
27.166,27.771,48.541,28.622,23.548,12.5,33.541,17.007,9.5,65.765
9,18.007,39.56,16.087,40.66,40.954,21.378,12.5,39.63,51.624
22,17.263,37.5,15.624,33.838,17.183,22.361,11.543,11.511,69.051
12.806,4.61,15.264,22.236,44.139,28.901,14.142,13.5,5.5,52.154
6.403,10.124,34.677,15.951,14.08,21.708,12.166,25.045,17.007,44
9.487,7.826,17.493,13.437,26.42,22.142,27.019,14.16,4.5,54.129
24.021,12.207,39.275,10.339,9.618,42.003,35.511,20.012,13.647,52.498
22.361,7,13.583,16.763,18.507,68.71,18.358,17.5,14.714,25.71
8.944,27.313,29.347,14.472,25.7,10.966,28.302,4.5,6,42.19
20.616,47.854,26,26.8,30.887,26.669,31.064,20.555,9.341,24.083
17.804,13.601,23.119,18.526,50.22,19.416,17.205,34.329,35.584,27.166
33.106,25.933,23.564,20.18,26.669,25.105,15.133,22.461,9.552,22.804
36.222,21.225,38.484,38.577,51.684,22.5,28.16,21.024,10.512,24.698
24.083,32.004,21.006,24.734,28.399,17.241,24.207,29.954,8.078,18.111
27.514,18.31,16.031,19.241,11.511,23.436,47.676,6.946,7.071,35.057
19.235,22,19.5,12.806,36.401,19.723,6.325,31.409,9.394,30.676
11.045,15.788,9.014,25.751,31.599,30.104,28.284,14.08,5.5,22.091
27.203,15.788,27.514,20.276,48.541,24.749,41.725,26.462,10.112,27.019
42.107,39.778,13.2,37.096,19.313,16.508,30.083,49.523,3,31.241
34,22.55,20.616,17.401,27.074,21.006,34.655,10.794,5.59,42.45
48.332,24.005,13,39.868,43.5,33.061,15.811,23.162,27.505,91.526
34.176,7.159,3,15.442,21.36,9.823,15,30.537,23.5,32.65
39.56,11.045,12.748,18.667,59.034,10.512,34.234,17.493,21.593,49
19.698,15.532,26.077,24.449,36.878,9.179,39.051,8.139,6.364,21
27.019,9.192,28.935,21.759,9.22,13.509,50.01,17.328,3,38.484
17.263,23.5,24.789,31.51,9.5,16.621,18,31.988,14.08,35.805
12.166,27.722,16.5,43.534,17.029,4.924,39,20.616,7.616,26.907
15.264,12.816,32.745,16.333,34.121,25.005,18.974,20.988,3.354,22.023
18.248,17.72,25.08,28.944,29.517,16.378,10.63,18.111,8.544,46.39
17.692,18.822,39.74,52.831,13.2,57.871,40.224,19.602,10.308,38.626
46.043,25.544,6.021,29.418,16.101,52.345,21.26,30.083,15.532,103.6
16.401,14.866,18.822,26.215,13.73,25.505,42.953,16.031,12.5,14.142
14.036,9,19.32,51.919,52.559,34.886,61.911,13.086,26.019,19.723
47.518,5.701,48.654,36.53,42.547,12.51,15,9.605,17.328,43.29
44.911,8.602,32.175,38.176,11.314,7.826,19.209,6.671,20.006,19.235
78.006,4,36.401,27.051,14.577,20.408,44.011,47.151,24.13,15.033
20.224,2.693,22.472,20.276,42.107,13.946,60.075,25.402,25.52,30.806
51.245,4.924,14.036,10.339,21.054,8.86,50.09,37.014,28.636,26.019
19.209,11.068,27.83,19.047,41.049,39.462,47.434,18.028,13.73,25.02
51.43,7.826,17.923,19.788,55.902,19.526,37,37.513,16.286,47.17
13.038,5.523,36.878,15.059,21.101,21.552,46,21.552,17.734,50.537
30.529,12.619,48.003,48.671,30.401,12.748,28.653,12.369,10.05,37.736
14,24.331,19.78,19.516,19.602,45.839,18.248,16.286,10.794,27.659
14.142,24.254,26.833,13.928,23.049,39.259,18.111,22.94,10.63,52
65.734,25.48,36.449,18,15.628,11.673,34.828,36.118,21.587,18.385
24,15,17.029,33.31,24.546,7.81,12.649,38.279,31.341,16.763
10,21.708,35.532,31.693,25.303,22.006,8.246,30.414,9,28.018
30.265,15.008,13.829,28.222,25.5,23.436,47.707,25.632,9,39.319
21.84,29.47,15.524,11.609,34.702,10.112,26.926,17.507,18.527,29.069
26.476,8.559,11.424,39.609,38.059,21.552,22.361,4.5,21.932,27.586
35.057,17.755,14.577,30.56,8.016,19.235,7,22.142,8.631,12.806
40.804,22.074,55.841,22.176,38.733,11.314,8.246,22.023,10.012,21.26
18.974,5.523,40.028,30.885,44.323,35.018,32.802,14.089,9.014,10
35.014,5.5,24.052,34.917,31.341,15.788,13.342,39.427,46.068,17.72
29.614,13.153,16.508,44.627,60.525,23.585,15,12.5,18.337,30.232
8.544,25.773,20.396,48.472,22.023,20.797,15.264,13.463,22,28.018
44.147,22.192,23.119,28.622,29.971,12.728,44.407,6.364,12,35.228
8.944,32,14.534,23.336,25.544,13.435,11,19.105,11.597,19.416
38.601,21.29,30.008,18.658,44.814,28.784,35.114,24.602,40.078,38.833
33.541,11.413,13.657,20.202,21.29,15.5,14.318,16.14,11.662,60.033
23.707,21.954,8.846,7.401,41.931,15.692,20.616,19.059,19.007,38.588
19.416,20.156,16,18.135,29.334,17.205,52.773,13.342,5.22,33.615
58.138,26.315,24.3,19.734,53.558,9,47.17,12,7,12.166
28.443,19.962,34.004,23.307,9.618,30.438,24.083,15.435,6.364,12.083
35.128,23.259,26.005,35.855,6.021,18.561,21.633,15.652,7.211,32.696
31.89,22.771,25.578,20.125,6,20,20.125,15.953,3,21.095
5,26.8,30.777,26.719,11.715,17.923,17.889,22.638,6,30.529
11.402,33.305,25.807,24.37,9.192,17.357,52.01,34.713,16.771,24.187
9.849,27.613,31.504,19.073,14.534,13.086,22.136,16.985,28.991,42.953
9.487,8.5,26.926,9.195,32.558,33.801,18.111,7.5,36.878,24.698
39.623,12.51,14.56,17.544,18.5,24.622,11.662,10.012,9.618,18
16.401,27,20.573,36.676,23.42,16.378,30.265,21.593,15.116,46.098
29.547,12.083,24.99,22.647,42.579,12.042,21.213,25.387,15.89,50.478
18.974,31.599,18.18,41.508,21.966,9.552,24.207,32.596,25.715,22.361
28.018,9.925,21.783,31.903,20.5,21.506,30.083,42.264,34.533,23.77
18.974,29.77,12,25.373,31.945,10.062,23.431,25.348,19,26.476
41.183,24.047,19.647,25.309,31.504,33.801,22.672,12.971,12,22.361
11.402,17.507,25.622,11,47.003,22.277,49.244,14.009,7.28,48.094
32.388,42.24,28.218,17.92,50.855,20.012,18,11.715,17.692,55.543
22.804,31.401,27.115,5.696,12.369,11.18,17.493,20.718,23.854,29.833
29,24.413,49.752,23.214,26.239,15.443,11.314,27.226,34.821,30.414
17.493,23.712,36.003,27.56,20.518,19.449,40,15.66,16.621,49.244
27.586,23.817,33.242,6.708,14.841,36.056,45.011,35.641,17.529,31.78
36.139,20.815,12.981,21.177,28.636,41.367,45,24.274,11.068,27.295
19.925,19.105,18.788,8.57,26.655,25.773,31.305,30.336,18.028,37
38.013,7.632,22.94,27.954,29.12,44.263,54.037,15.033,19.602,27.857
28.071,36.514,6.042,7.902,36.222,45.525,22.472,17.529,26.42,13.892
12.53,10.607,44.433,9.545,42.157,32.867,26,7.5,10,26.306
24.515,23.5,36.531,18.077,31.504,17.007,12,36.056,46.811,29
43.417,19.526,28.111,35.335,16.508,19.007,21.213,23.308,55.509,40.853
17,31,53.021,15.118,52.29,23.345,26,30.414,12.5,38.639
48.01,15.532,11.011,25.675,31.101,22.277,13.038,16.978,31.121,16.971
36.139,9.055,30.15,28.669,44.525,50.99,14.422,11.18,38.122,24
19.849,25.812,12.5,24.39,29.004,22.142,49.041,14.983,16.553,15.133
13.928,30.566,6.5,33.627,13,23.162,20.125,61.012,12.619,46.615
23,20.988,16.508,31.878,47.186,27.5,13.038,17.335,30.5,76.026
17.117,22.136,48.448,35.267,13.342,25.622,11.705,21.932,39.778,39.294
11.402,15.572,23.436,31.805,27.987,10.124,30.48,26.725,4.743,27.019
13.038,29.155,48.847,21.932,34.886,45.412,20.518,14.142,10.012,38.013
27.203,33.061,33.615,19.678,19.059,12.093,13,25.812,20.616,25.179
35.511,29.954,20.156,32.498,26.249,12.01,34.205,28.004,6.801,48.508
26.926,18.682,24.99,12.763,8.5,44.511,23.324,19.039,12.104,17.117
32.016,19.526,24.135,29.432,18.248,26.505,4,17.755,18.125,22.561
19.698,13.829,60.706,21.359,6.727,30.635,46.872,12.855,19.506,23.854
13.038,19.105,31.484,19.802,4.717,23.022,9.434,20.797,13,18.028
12.649,16.378,19.729,31.401,6.519,27.803,42.45,32.638,20.056,28.284
13.601,33.136,32.035,21.375,6.946,15.508,6,25.495,17.088,13.153
6.325,38.148,21.645,28.698,19.526,26.618,34,18.111,26.907,126.127
28.653,17.464,40.028,16.826,33.095,23.633,15.133,17.103,42.003,28.018
29.428,23.162,40.265,28.052,43.832,31.575,43.738,25.495,12.649,29.069
22.472,15.24,24.254,14.851,46.597,26.077,30.594,8.5,14.089,35.057
37.216,20.402,37.59,24.687,33.526,21.783,55.731,7.382,21.101,32.45
44.147,11.662,32.442,24.911,31.953,46.209,25.942,19.962,27.074,55.785
23.537,21.213,39.715,22.01,19.164,22.94,31.321,17.029,51.81,25
52.154,19.059,27.5,25.009,34.702,10.05,41.231,26.627,18.069,44.721
22.472,20.131,28.692,15.074,17.464,20.359,14,37.885,37,30.887
18.358,32.249,20.1,31.962,29.753,10.77,7,12.01,49.925,44.721
9.22,33.682,24.622,27.909,22.589,10.966,42.012,30.647,13.601,29
37.336,14.807,18.507,42.297,19.66,63.879,36,25.283,23.838,50.537
44.407,24.622,14.151,26.167,48.585,28.151,16.125,32.191,22.051,21
41.012,14.866,21.219,20.344,22.299,9.618,21,30.516,6.671,46.043
22.627,20.573,51.442,25.353,23.943,8.86,12.369,7.5,52.089,23.345
14.422,27.5,12.298,25,23.022,49.041,5.099,25.5,16.621,19.416
35.228,27.866,45.398,7.379,40.577,10.5,22.361,9.179,6.964,18.111
17.804,28.469,8.515,9.006,26.505,15.66,55.154,32.962,19.558,58.694
48.836,18.608,12.166,12.693,35.641,11.102,38.419,40.215,8.846,35.355
20.224,5.657,43.342,16.455,36.031,13.463,49.366,28.2,20.718,10
13.038,7.159,38.21,25.23,60.019,20.012,31.145,29.026,23.42,23.537
11.662,7.81,25.08,40.022,32.004,23.135,27.166,21.506,32.062,25.08
13.416,16,16.008,18.361,53.64,20.887,18.028,28.32,29.206,12.53
24.759,16.194,11.102,7.52,10,46.503,28.636,22.946,18.111,20.1
35,20.718,28,37.339,16.125,27.785,30.017,26.101,22.277,49.396
43.174,29.538,26.538,34.392,19.039,28.539,16.492,20.353,41.608,36.235
13.342,15.508,22.322,28.736,16.508,17.103,45.88,5.523,7.433,28.792
12.083,14.089,15.66,31.029,37.503,40.636,32.249,30.927,41.548,48.703
10.05,15.532,27.951,29.652,25.461,28,26.173,43.417,12.981,40.311
11,16.56,24.824,9.809,25.045,25.02,16.492,22.589,18.2,49.396
18.385,29.347,27.505,6.472,30.663,42.252,9.055,14.534,16.378,21.213
12.728,17.923,15.788,25.734,45.962,18.828,35.171,24.187,24.824,25.495
19.313,8.5,31.516,11.609,16.008,38.939,26.019,13.5,22.594,66.219
19.209,18.062,47.671,18.196,25.578,17.088,18.028,10.44,4.95,36.77
26.833,9.605,33.144,24.703,11.281,29.004,24.759,31.579,4.924,15.62
13.892,15.977,41.027,5.706,29.602,45.277,18.028,42.202,12.5,32.696
9.22,16.008,30.203,5.088,14.151,40.719,22.672,30.842,26.101,27.459
19,22.902,20.056,21.731,21.691,21.36,19.416,41.437,15.652,28.636
24.166,13.153,12.728,18.028,21.506,10.77,23.345,33.049,10.77,20.616
15.811,24.824,19.164,16.251,9.552,23.005,26.019,14.714,11.715,20.396
17.493,3.5,39.217,18.679,24.739,31.101,34.482,26.235,13.01,36.674
52.202,12.728,39.217,13.92,36.014,33.245,23.087,20.555,7.159,36.401
18,31.085,15.7,27.431,12.379,40.577,48.166,18.248,8.515,14.866
12.53,15.652,32.65,16.576,42.503,30.373,32.249,9.513,21.024,27.785
10.296,27.065,17.103,7,55.502,49.064,26,43.549,8.944,31.321
11.662,16.508,26.879,23.956,43.855,48.757,26.907,19.474,17.066,11.18
32.202,11.068,40.651,27.522,26.618,6.021,9.22,11.543,14.431,10.296
31.953,29.069,23.817,19.067,29.904,37.713,27.803,22.699,12.01,10.44
26.683,26.542,33.365,17.133,37.643,38.288,29.732,19.164,11,22.804
33.242,19.039,53.446,8.333,22.344,28.004,30.806,44.749,13.647,33.015
20.396,11,22.142,17.754,27.459,31.847,29.732,18.507,8.559,55.036
6.083,34.504,26.005,30.641,24.042,25.005,38.328,28.57,12.176,55.731
6.403,22.091,12.369,15.467,35.089,22.94,33.106,28.16,7.28,47.265
44.147,10.689,3.536,19.821,54.589,47.127,30.414,19.558,17,52
25.08,4.528,13,17.867,31.293,13.038,23,36.235,9.552,35.341
37.014,12.083,27.295,11.629,9.014,27.893,36.222,7.382,20.718,32.558
29.069,12.083,28.071,47.335,9.657,29.602,36.715,28,4.743,44.102
7.071,15.5,11.102,29.734,14,20.887,14.866,28.849,12,26.173
6.325,20.893,54.037,26.401,21.541,22.192,18.974,29.841,11.543,46
6,37.121,21.225,32.361,45.401,30.15,30.463,30.992,6.021,18.788
62.394,12.54,18.608,25.002,28.306,15.628,54.037,33.049,29.026,43.278
30.265,12.258,4.743,23.307,50.085,31.401,38.328,25.125,19.313,27.459
32.016,21.095,13.829,17.978,19.007,41.548,25.318,34.3,10.794,34.059
36,13.038,13.463,32.335,25.676,13.647,67.007,31.325,43.186,30.806
12.083,9.014,20.006,18.439,22.847,15,22.804,21.506,37.567,30.676
38,16.621,17.734,25.009,20.893,39.217,43.417,12.01,34.731,34.713
32.65,4.743,70.889,31.556,18.173,6.5,41.593,17.923,27.613,24.083
17.263,18.581,9.301,22.689,29.652,36.459,43.046,12.01,9.513,46.271
23.022,18.2,39.122,11.823,24,42.426,17.804,12.59,13.5,24.352
17.493,14,21.645,4.773,18.722,24.151,33.242,35.341,31.341,25.06
22.472,11.045,28.636,16.035,22,26.405,41.195,20.248,22.411,29.428
12.042,24.602,44.936,18.953,26.968,10.124,36.715,12.021,38.328,27.019
15.297,40.46,38.003,24.288,11,11.424,33.061,23.033,6.671,22.091
12.728,14.151,54.037,28.341,26.571,37.583,52,23.049,13.124,18.974
19.105,14.009,19.602,18.962,25.145,19.039,24.021,27.189,8,13.892
32.573,17.529,23.77,23.24,64.041,28.504,34.886,12.54,11.511,15
11.402,10.689,39.579,19.669,26.575,25.045,29.833,18.446,26.196,35
32.016,17.103,35.107,25.805,46.511,21.024,25.318,14.08,23.087,15
11.402,39.803,26.077,23.9,10.817,23.901,38.91,13.21,16.8,42.45
24,23.243,80.145,30.423,31.325,24.581,49.497,25.773,32.319,27.074
26.627,6.5,25.461,12.401,24,25.125,22.361,10.595,20.248,29.275
31.623,18.028,43.511,33.668,29.004,41.815,22.804,32.504,31.257,36.125
17.464,22.136,57.02,23.364,39.881,11.011,28.425,36.531,17.007,22.204
19.416,9.708,28.692,14.441,17.066,11.011,38.328,4.5,12.349,17.205
19.698,25.812,24.829,19.939,27.166,27.722,29.732,17.557,26.405,27.459
40.706,4.61,18.788,35.904,21.054,13.342,33.061,21.932,10.308,27.731
19.105,18.069,37.845,20.377,17.903,10.512,30.017,31.036,7.159,50
74.33,18.608,28.97,22.632,22.361,17.27,28.302,14.916,9.552,52.839
54.562,11.314,12.54,20.243,30.451,14.009,37.108,35.5,6.576,29.732
48.508,17.464,14.318,13.618,47.542,29.652,44.102,29.841,16.492,52.01
26.401,20.131,14.431,32.503,20.597,20.261,19,18.5,10.012,31
42,18.385,16.56,22.04,19.007,19.912,7,17.755,9.124,16
45.044,28.745,26.196,40.667,20.261,22.327,52.953,20.427,12.083,48.754
30.414,29.262,4.528,35.358,10.512,11.543,44.147,18.028,28.324,51.624
55.036,16.568,32.07,32.743,43.165,9.014,44.283,15.977,31.149,6.325
38.118,37.165,9.341,11.005,33.89,23.022,24.042,21.645,13.153,23.345
53.814,26.306,49.591,23.219,18.507,40.528,10,17.357,14.866,36.401
60.902,9.22,15.692,21.218,35.795,36.139,33.061,31.325,10.63,23.324
15.133,12.5,16.348,40.05,27.987,10,60.828,17,92.005,33.422
15.232,11.705,13.5,40.339,11.511,18.358,39.85,19.602,17.923,16.643
11.402,4.61,21.477,16.67,25.544,22.361,35.903,12.54,17.529,17.029
15.556,20.304,18,17.601,25.5,22.361,28.018,19.647,12.748,21.213
16.031,10.607,23.548,21.667,23.345,24.042,18.028,24.581,11.5,20.396
37.336,7.762,31.004,32.931,29.232,10.77,33.615,27.295,5.385,38.419
32.65,18.507,56.036,26.2,31.468,18.111,22.361,33.155,8.016,16.763
10.05,10.124,66.568,39.067,41.608,20.616,40.447,24.151,4.95,41.725
38.897,27.518,29.428,45.143,24.622,15,21.587,20.5,8.139,33.422
12.083,22.277,29.504,14.701,19.799,38.118,19.799,14.534,27.372,22.023
36.715,15.66,41.149,19.163,38.275,37.216,43.29,24.597,17.205,17
24.083,30.083,16.14,21.442,39.054,36.056,31.064,17.951,5.523,28.018
22.847,13.509,43.503,23.324,24,30.067,27.074,17.678,8.078,18.028
22.561,18.868,42.048,15.67,38.917,14.765,43.29,18.31,6.265,33.287
11.045,24.254,29.069,28.284,25.125,26.306,28.071,10.5,22.472,13.416
30.265,27.5,45.069,17.17,23.087,24.021,59.228,16.325,14.5,17
31.953,18.561,35.004,15.723,44.839,25.495,50.16,11.413,15.524,35.355
10.44,17.183,10.5,14.599,25.125,22.825,16.763,11.102,33.144,24.413
27.166,12.104,36.586,17.82,50.747,34.234,12.728,19.235,7.211,46.011
19.105,39.56,13.01,27.915,23.548,28.178,42.19,21.708,7.28,26.833
51.157,33.015,27.115,22.833,55.227,25.71,38.833,18.028,33.634,24
34.176,15.692,30.516,22.003,32.016,23.548,37.014,30.208,35.302,46.098
37.537,21.552,14.422,42.335,22.204,24.546,36.014,17.692,8.016,21.587
41.049,17.241,16.771,13.333,40.872,35.032,53.451,28.636,2,36.056
20.025,14.603,16.378,17.143,39.294,42.644,40.112,16.621,12.01,32.696
15.652,26.575,5,15.015,17,23.691,26,23.049,18,24.352
22.472,19.602,8,17.003,36.003,22.277,58.034,42.723,12.619,34.986
54.129,17.678,15.207,10.382,19.506,39.013,10.77,17.951,9.962,24.083
15.556,21.731,9.823,30.414,12.349,49.239,40.2,10.062,20.893,32.558
14.765,22.847,37.663,14.252,35.784,29.547,17,35.355,19.602,33.377
16.125,32.129,9.179,30.03,45,11.927,23.087,23.005,12,28.636
36.235,15.882,22.006,12.763,21.506,11.511,15.133,48.438,26.443,33.242
36.497,17.614,19.506,21.38,25.495,25.739,71.197,16.919,10.794,26
38.118,10.5,24.885,24.931,43.546,49.064,16.279,13.463,22.771,10.198
8.062,17.671,19.609,15.652,18.901,17.414,21.095,17.357,16.008,8
10.44,10.689,14.637,14.02,26.101,11.927,16,9.124,7.159,42.059
20.591,6.042,28.64,40.734,27.613,19.105,39.051,17.357,33.89,29.069
18.248,10.404,16.07,20.006,27.372,38.082,14.318,22.655,23.436,52.154
57,5.701,23.88,48.747,14,18.581,35,26.043,19.294,56.515
52,5.59,17.755,34.469,25.505,28.779,35.511,22.655,13.73,50.01
35.511,5.385,21.225,17.288,46.543,22.456,23.259,21.471,5.59,25.942
43.081,22.611,32.882,24.23,26.73,20.591,18,31.623,34.234,19.026
22.825,14.983,43.012,20.71,24.52,25.578,54.203,31.504,7.649,60.828
19.925,12.207,34.004,8.769,9.513,28.16,52.393,11.715,11,35.511
11.18,16.194,12.207,25.565,30.676,32.638,28.018,42.406,8.5,25.612
63.071,16.14,24.824,22.003,19.007,27.879,44.181,33.365,20.5,33.242
39.459,16.5,29.833,28.684,25.894,38.513,34.928,26.315,14.116,26
22.804,11,14,38.892,11.402,20.863,18.028,25.71,17.393,48.6
59.506,13.5,28.151,20.044,15.788,40,34.015,30.992,10.92,10.296
59.008,25.831,22.051,20.677,26.249,29.971,37.054,7.159,7.5,21
46.098,15.953,43.105,19.267,22.94,32.962,40.05,6.021,17.088,14.036
15.232,26,36.003,21.232,9.394,35.693,0,5.59,14.318,46
31.305,29.428,45.5,30.35,26.315,27.281,12,31.623,24.749,66.219
32.062,29.833,26.077,8.894,31.784,36.003,12.042,41.437,21.101,46.861
26.019,15.508,22.804,17.789,29.904,19.32,,9.487,21,37.363
44.272,12.748,32.535,16.014,48.26,14.009,,8.201,27.5,34.928
63.198,23.195,10.966,12.293,30.733,34.504,,7,23.049,30.265
25.962,24.602,9.22,21.108,10.062,32.535,,22.147,13.238,60.208
14.142,19.647,22.771,8.233,52.631,37.363,,23.308,7.159,11.045
22.204,15.953,14,18.868,29.602,26.315,,28.377,39.715,75.213
37.336,26.173,22.55,13.671,35.627,26.5,,28.147,24.021,17.029
36.688,11.543,28.284,22.423,31.78,11.413,,19.925,28.935,15
35.014,25.544,8.139,22.281,26.632,25.505,,12.54,16.155,
41.183,17.72,34.713,34.163,28.57,47.17,,38.539,33.242,
14.422,6.325,22.638,12.338,31.385,19.5,,20.396,8.062,
41.485,11.543,31.89,13.072,40.305,41.34,,17.5,12.093,
36.125,12.51,20.887,10.63,18.028,13.793,,33.615,12.042,
26.401,19.32,50.767,21.375,30.008,87.174,,20.815,34.828,
12.649,15.508,34.366,20.507,34.792,49.571,,19.812,30.203,
13.342,12.51,30.017,43.863,43.235,25.179,,24.382,15.692,
21.633,13.2,31.197,28.412,46.503,28.04,,29.347,25.894,
49,24.331,21.662,18.49,26.5,18.5,,34.125,29.808,
14.318,9.605,25.179,29.273,31,27.354,,16.763,11.402,
14,43.186,29.887,20.025,13.038,46.043,,35.784,19.449,
38.053,30.696,13.509,25.495,25.08,22,,12,13.124,
30.414,13.435,23.648,23.575,55.61,21.506,,11.885,17.5,
21.401,10.124,29.21,7,26.043,18.5,,38.2,18.125,
13,33,35.672,13.437,41.931,29.5,,43.081,9.179,
17.464,29.808,39.205,14.395,15,8,,31.82,32.257,
29,10.92,23.5,14.682,33.593,35.598,,30.516,23.087,
32.558,22.327,24.5,20.431,16.621,43.105,,28.714,39.118,
23.77,39.195,52.369,11,6,19.558,,24.13,11.511,
25.08,38.939,22.5,21.975,32.573,28.862,,35.288,23,
25,23.5,28.399,13.283,39.131,41.512,,16.031,24.021,
33.615,23.537,35.795,24.777,43.012,32.319,,46.768,22.277,
72.367,11.885,25.125,20.248,32.5,20,,43.061,13.038,
47.802,11.673,41.503,26.342,20.18,27.336,,28.04,6.671,
23.022,22.023,24,6.708,11.314,31.145,,39.446,6.964,
29.275,24.602,27.681,11.338,49.681,38.552,,35.725,22.506,
16,10.512,24.739,12.776,30.22,32.561,,19.144,5.5,
25.495,9.657,16.008,18.693,13.757,18.608,,27.722,9.22,
49.041,9.014,12.042,8.413,15.297,46.747,,20.5,19.679,
25.554,12.207,18.173,10.176,23.77,14.142,,15.811,26.12,
14.56,20.616,17.614,30.017,37.716,12.816,,36.912,8.322,
18.028,10,31.753,9.894,15.572,16.919,,42.24,15.572,
22.136,8.559,8.062,20.138,16.286,26.538,,35.924,9.014,
31.016,20.616,53.949,21.731,26.005,39.386,,24,49.003,
43.174,23.087,37.483,24.687,14.866,20,,31.197,11.885,
33.242,10.548,24.5,28.351,18.385,26.879,,24.829,7.762,
38.471,16,44.23,21.69,23.087,34.205,,28.111,11.236,
18.601,12.042,15.66,16.67,15.403,16.008,,14.705,12.042,
60.745,6.021,11.314,29.069,36.09,46.309,,18.507,12.021,
22.825,20.156,45.26,23.795,25.303,17.393,,25.125,14,
44.102,15.182,21.225,17.337,32.638,17.493,,34.355,22.984,
44.272,21.36,31.643,33.667,34.5,21.966,,27.613,10.7,
20.616,12.379,19.609,21.082,26.043,13.342,,18.974,7.649,
26.571,29.904,13.509,32.431,33.534,14.089,,8,6.5,
31.241,22.461,28.425,16.974,12.369,19.647,,25.348,9.22,
30.067,25.831,40.401,19.012,25.02,23.77,,16.279,11.336,
31.016,26.077,45.1,12.548,20.94,23.585,,38.917,6.364,
27.074,27.102,13.601,17.601,16.008,28.04,,19.704,9.192,
17.117,14.327,27.322,30.159,86.783,34.514,,49.155,16.286,
14.213,8,14.036,13.703,45.5,29.568,,31.064,12.5,
11.402,21.523,31.579,22.003,42.512,12,,19.609,14,
14.866,20.224,19.5,16.306,24.331,30.414,,26.306,10.012,
10,23.087,22.277,21.868,10.012,48.541,,41.437,12.042,
36.056,12.5,32.973,12.97,15.403,27.951,,32.191,7.433,
34.54,22.472,32.973,22.356,17.678,30.083,,24.233,6.519,
7.28,14.422,50.16,28.127,53.266,35.089,,17,7.159,
26.926,4.717,25.986,28.3,23,24.083,,34.928,14.509,
27.313,16.621,12.5,27.717,41.68,6.5,,57.942,12.01,
23.707,26.462,16.286,33.042,35.584,24,,23.585,10.308,
51.43,22.638,40.066,18.077,24.13,23.345,,12.01,6.708,
27.514,6.519,11.068,45.923,23.345,46.352,,49.477,6.185,
45.31,18.927,33.106,43.79,19.5,11.045,,19.704,19.474,
35.355,16,19.647,69.915,28.657,15.207,,29.12,40.302,
42.579,16.008,20.718,17.337,30.017,64.049,,20.839,17,
16.155,17.066,44.654,20.279,31.5,24.052,,15.572,16.5,
24.021,18.822,40.078,11.338,26.968,12.042,,17.088,16.568,
40.012,29.517,17.5,6.2,26.655,43.855,,5.523,19.5,
11.045,17.5,17.5,32.349,17.103,15.788,,18.554,23.77,
18.358,9.22,25.505,19.09,26.12,18.788,,50.917,16.378,
14,23.88,30.336,34.606,19.812,9.22,,18.868,12.369,
32,21,75.135,28.412,22.322,43.649,,17.903,48.541,
19.209,12.806,21.36,36.736,18.974,17.889,,30.794,12.5,
31.305,25.224,38.079,38.006,33.365,11.662,,31.016,9.487,
21.213,13.647,47.024,36.712,47.5,21.506,,47.437,7.762,
31.241,16.008,33.541,34.884,34.558,34.821,,54.781,17.614,
17.889,20.797,56.996,33.974,30.647,43.081,,29.12,16.125,
31.048,9.513,21.006,35.253,13,23.77,,45.774,15.89,
15.556,16.14,25.045,34.348,27.005,40.025,,13.865,4,
62.032,6,6.5,31.349,13.583,32.249,,35.118,4,
18.974,42,7.762,39.825,23.601,29.517,,56.056,4.123,
25.554,24.683,26.725,45.667,,33.842,,45.277,4,
31.016,18.2,36.003,20.333,,11,,50.707,11.236,
22.136,4.5,18.125,25.669,,55.644,,29.5,26.5,
43.081,12.748,29.347,43.379,,23.049,,18.2,22.589,
64.637,27.505,45.1,25.805,,30.7,,36.695,10.124,
40.608,19.679,32.191,46.392,,16,,25.539,12.748,
17.029,19.3,36.503,32.28,,22.051,,12.748,36.531,
54.918,14.577,22.472,24.479,,30.537,,34.033,9.823,
37.162,14.807,32.206,19.667,,39.63,,13,15.532,
20.616,7.433,22.506,12.134,,36.17,,51.539,6.964,
24.739,11.511,22.804,47.465,,17.117,,36.459,12.5,
33.242,19.812,26.277,27.554,,32.81,,27.518,10.012,
28.46,21.29,27.313,35.839,,56.109,,28.657,14.009,
31.906,20.006,39.08,27.883,,45.607,,24.274,11.281,
25.495,17.357,25.505,48.094,,10.548,,30.529,18,
63.198,21.101,24.505,36.174,,52,,66.115,39.715,
12.166,6.5,33.842,40.022,,80.568,,30.017,11.413,
30.871,4.5,26.632,28.674,,33.842,,26,14.396,
15.62,7.433,33.504,34.456,,43.778,,21.29,46.141,
35.609,18.901,15.403,28.097,,19.962,,15.628,54.12,
10.05,25,19.026,43.566,,19.138,,25.11,15.532,
59.034,12.649,22.051,48.667,,40.528,,41.173,63.812,
12.649,6.021,37.901,15.549,,46.543,,18,16.008,
13.038,12.59,49.739,35.418,,43.9,,23.505,8.5,
24.698,16.155,15.572,10.63,,59.76,,24.042,6.5,
,28.2,35.014,17.867,,18.5,,16.14,8.016,
,20.934,31.504,17.208,,16.643,,9.124,15.24,
,12.021,27.313,30.883,,37.366,,33.019,16.808,
,20.652,22.506,17.295,,20.555,,30.5,36.623,
,16.808,28.5,21.429,,40.672,,15.532,21.077,
,9.014,33.679,35.667,,47.461,,21,29.5,
,21.966,23.265,24.148,,20.809,,41.62,7.81,
,18.446,55.502,13.876,,10.404,,13.601,7.071,
,17.205,33.034,42.594,,16.225,,28.714,20,
,26.627,19.78,16.667,,32.388,,25.505,10.607,
,9.5,34.792,13.119,,45.044,,20.506,40.012,
,21.932,30,25.841,,28.535,,37.977,21.36,
,10.05,21.662,32.361,,30.602,,28.57,7.159,
,16.008,22.984,20.333,,20.5,,38.565,45.774,
,17.443,55.52,21.731,,32.016,,33.305,10.92,
,19.558,39.029,39.051,,17.393,,26.879,21.552,
,6.403,20.5,28.032,,23.633,,28.443,37.121,
,21.523,29.364,23.113,,25.224,,14.318,14.396,
,21.471,28.293,27.675,,38.448,,19.526,5.099,
,23.022,24.005,19.232,,35.26,,34.562,6.519,
,9.618,36.003,12.737,,45.011,,20.359,5.852,
,18,26.655,24.207,,46.487,,56.321,6.083,
,15.524,,20.177,,14.714,,7.433,11.673,
,19.059,,34.619,,10.05,,21.593,12.5,
,20.506,,13.768,,15.133,,31.847,27.005,
,30.907,,32.395,,14.08,,14.866,17.671,
,36.069,,30.554,,47.566,,12.5,11,
,19.3,,18,,14.08,,18.822,22.853,
,32.175,,18.634,,13.463,,20.012,14.765,
,22.809,,24.81,,18.561,,38.053,8.515,
,17.678,,32.696,,10.77,,23.838,9.708,
,22.727,,12.369,,14.23,,13.454,29.296,
,18.111,,12.548,,,,17.678,55.772,
,19.144,,13.119,,,,15.811,18.828,
,14.509,,20.979,,,,46.84,17.507,
,14.534,,22.825,,,,21.639,20.224,
,11.662,,35.855,,,,37.802,10.794,
,25.544,,23.9,,,,47.265,37.014,
,17.066,,31.333,,,,53.451,24.515,
,18,,31.029,,,,5.701,21.593,
,17.614,,8.36,,,,24.622,16.867,
,12.5,,12.134,,,,31.085,25.812,
,29.411,,26.998,,,,29.967,36.586,
,24.135,,11.175,,,,26.101,28.784,
,14.221,,30.414,,,,39.147,13,
,30.364,,28.176,,,,54.023,8.944,
,22.804,,35.267,,,,40.528,5.22,
,28.57,,31.378,,,,28.853,4.528,
,22.209,,20.562,,,,24.683,4,
,17.493,,23.135,,,,55.02,8,
,34.213,,28.783,,,,28.504,5.148,
,21.03,,35.006,,,,53.425,5.025,
,17.219,,35.743,,,,34.731,4.5,
,26.349,,36.457,,,,21.148,18.768,
,16.125,,24.479,,,,29.833,14.509,
,11.011,,20.605,,,,38.552,9.055,
,5.025,,31.842,,,,25.179,10.05,
,28.609,,27.938,,,,34.731,14.866,
,35.018,,8.246,,,,38.539,19.007,
,27,,39.634,,,,53.151,3.354,
,33.5,,37.704,,,,30,6.671,
,18.822,,20.243,,,,29.47,10.44,
,14.807,,28.707,,,,37.583,12.728,
,21.523,,19.847,,,,20,24.042,
,25.125,,15.951,,,,8.732,23.838,
,12.748,,21.011,,,,14.577,12.349,
,24.01,,9.006,,,,35.641,18.601,
,12.349,,23.286,,,,21.148,21.915,
,11.543,,30.145,,,,38.601,7.566,
,13.463,,25.342,,,,25.5,16.492,
,22.627,,15.322,,,,20.156,6.021,
,25.402,,,,,,21.915,15.297,
,27.019,,,,,,,22.589,
,20.506,,,,,,,22.023,
,42.72,,,,,,,20.524,
,19.164,,,,,,,18.31,
,13.757,,,,,,,13.509,
,16.621,,,,,,,15.182,
,26.505,,,,,,,18.682,
,22.5,,,,,,,28.609,
,19.558,,,,,,,25.48,
,17.586,,,,,,,25.11,
,18.439,,,,,,,39.881,
,21.829,,,,,,,19.812,
,17.564,,,,,,,14.714,
,20.006,,,,,,,10.595,
,18.5,,,,,,,3.5,
,23.436,,,,,,,5.701,
,18.344,,,,,,,15.89,
,11.8,,,,,,,15.008,
,11.673,,,,,,,21.243,
,16.771,,,,,,,18.822,
,10.062,,,,,,,17,
,21.5,,,,,,,5.701,
,25,,,,,,,6.325,
,26.538,,,,,,,11.511,
,40.041,,,,,,,7.018,
,18.337,,,,,,,26.954,
,17.183,,,,,,,27.171,
,32.016,,,,,,,21.024,
,26.163,,,,,,,23.265,
,6.185,,,,,,,6.946,
,37.407,,,,,,,19.66,
,14.577,,,,,,,7.071,
,21.272,,,,,,,14.151,
,9.192,,,,,,,14.16,
,14.213,,,,,,,9.899,
,29.262,,,,,,,7.616,
,12.207,,,,,,,15.075,
,10.689,,,,,,,19.506,
,22.672,,,,,,,26.856,
,16.919,,,,,,,56.473,
,20.555,,,,,,,23.927,
,14.577,,,,,,,6,
,21.783,,,,,,,35.924,
,31.894,,,,,,,11.18,
,13.509,,,,,,,10.689,
,12.5,,,,,,,8.515,
,10.296,,,,,,,17.755,
,24.749,,,,,,,8.515,
,28.935,,,,,,,23.409,
,19.007,,,,,,,5.408,
,10,,,,,,,11.885,
,28.504,,,,,,,26.879,
,4.272,,,,,,,19.105,
,6.403,,,,,,,38.5,
,21.506,,,,,,,25,
,15.207,,,,,,,9.513,
,16.621,,,,,,,11.715,
,20.156,,,,,,,23.005,
,36.719,,,,,,,11.885,
,30.319,,,,,,,9.014,
,12.369,,,,,,,5.5,
,15.008,,,,,,,16.279,
,25.402,,,,,,,22.023,
,24.026,,,,,,,11.011,
,18.028,,,,,,,3.5,
,15.7,,,,,,,7,
,21.272,,,,,,,12.51,
,10,,,,,,,16.651,
,17.5,,,,,,,6.5,
,19.925,,,,,,,5.852,
,20.006,,,,,,,5.099,
,20.261,,,,,,,30.504,
,12.093,,,,,,,9.925,
,6.519,,,,,,,28.888,
,13.2,,,,,,,28.539,
,16.808,,,,,,,28.16,
,25.125,,,,,,,12.51,
,21.101,,,,,,,14.142,
,24.192,,,,,,,26.571,
,12.748,,,,,,,23.049,
,27.203,,,,,,,25.739,
,6.727,,,,,,,13.463,
,23.243,,,,,,,19.526,
,16.688,,,,,,,9.618,
,10,,,,,,,32.016,
,13.5,,,,,,,29.504,
,13,,,,,,,20.131,
,26,,,,,,,40.078,
,14.534,,,,,,,5.59,
,18.31,,,,,,,16.651,
,14.009,,,,,,,14.151,
,33.515,,,,,,,31.504,
,19.039,,,,,,,26.575,
,21.708,,,,,,,9.014,
,11.281,,,,,,,11.5,
,11.045,,,,,,,14.773,
,25.986,,,,,,,11.424,
,23.927,,,,,,,46.672,
,14.509,,,,,,,18.788,
,27.459,,,,,,,5.657,
,15.914,,,,,,,10.735,
,10.7,,,,,,,10.607,
,18.608,,,,,,,9.055,
,23,,,,,,,20.555,
,23.691,,,,,,,19,
,8.062,,,,,,,24.005,
,14.866,,,,,,,17.117,
,7.071,,,,,,,25.773,
,12.54,,,,,,,22.506,
,16.651,,,,,,,43.546,
,34.077,,,,,,,29.47,
,16.378,,,,,,,16.492,
,13,,,,,,,10,
,6.801,,,,,,,20.125,
,35.756,,,,,,,9.22,
,15.89,,,,,,,25.045,
,18.007,,,,,,,26.12,
,14.637,,,,,,,30.042,
,17.507,,,,,,,10.512,
,11.543,,,,,,,14,
,22,,,,,,,22.55,
,12.166,,,,,,,13,
,31.145,,,,,,,18.608,
,18.007,,,,,,,7.211,
,14,,,,,,,16.53,
,25.461,,,,,,,11.511,
,15.24,,,,,,,17.219,
,15.524,,,,,,,40,
,19.679,,,,,,,16.031,
,20.809,,,,,,,32.202,
,14.396,,,,,,,21.225,
,17.328,,,,,,,47.011,
,28.147,,,,,,,47.011,
,11,,,,,,,21.506,
,17.066,,,,,,,7.5,
,25.5,,,,,,,16.378,
,19.849,,,,,,,8,
,13.5,,,,,,,9.5,
,27.074,,,,,,,7.5,
,27.613,,,,,,,44.06,
,27.372,,,,,,,19.138,
,16.8,,,,,,,9.22,
,18.795,,,,,,,23.033,
,21.477,,,,,,,31.599,
,24.703,,,,,,,17.219,
,15.207,,,,,,,35.26,
,29.039,,,,,,,25.224,
,23.135,,,,,,,25.52,
,20.025,,,,,,,21.006,
,8.86,,,,,,,10.5,
,9.014,,,,,,,6,
,14.5,,,,,,,19.602,
,15.66,,,,,,,16.508,
,13,,,,,,,26.542,
,24.602,,,,,,,4.301,
,38.917,,,,,,,10.548,
,11.673,,,,,,,6.5,
,24.207,,,,,,,13.509,
,28.784,,,,,,,9.552,
,18.901,,,,,,,27.609,
,35.164,,,,,,,32.898,
,37.047,,,,,,,30.401,
,14.5,,,,,,,16.568,
,14.009,,,,,,,34.475,
,34.311,,,,,,,23.505,
,18.028,,,,,,,18.111,
,10.63,,,,,,,18.668,
,21.633,,,,,,,15,
,21.84,,,,,,,14.221,
,6.325,,,,,,,10,
,8.078,,,,,,,8.631,
,20.718,,,,,,,10,
,9.5,,,,,,,16.279,
,25.145,,,,,,,14.5,
,20.012,,,,,,,7.649,
,14.396,,,,,,,12.176,
,14.009,,,,,,,19.026,
,11.673,,,,,,,4.301,
,20.797,,,,,,,11.769,
,20.248,,,,,,,19.007,
,25.986,,,,,,,4.5,
,23.759,,,,,,,18.581,
,80.777,,,,,,,29.682,
,47.595,,,,,,,14.16,
,10.308,,,,,,,16.971,
,20.524,,,,,,,14.765,
,49.661,,,,,,,15.532,
,12.51,,,,,,,9.22,
,26.163,,,,,,,15.075,
,52.431,,,,,,,10.308,
,8.515,,,,,,,24.87,
,8.631,,,,,,,34.366,
,26.707,,,,,,,17.117,
,52.802,,,,,,,32.315,
,22.322,,,,,,,22.55,
,14.08,,,,,,,22.456,
,23.901,,,,,,,29.954,
,7.382,,,,,,,21.101,
,10.794,,,,,,,30.537,
,21.593,,,,,,,10.548,
,10.404,,,,,,,32.191,
,19.526,,,,,,,24.698,
,29.334,,,,,,,14,
,23.5,,,,,,,13.21,
,15.7,,,,,,,26.462,
,12.349,,,,,,,11.413,
,16.101,,,,,,,12.021,
,9.179,,,,,,,17.5,
,25.348,,,,,,,12.54,
,17.529,,,,,,,8,
,23.5,,,,,,,13.342,
,12.54,,,,,,,37.964,
,18.344,,,,,,,9.22,
,25.318,,,,,,,22.594,
,15.953,,,,,,,44.3,
,14.841,,,,,,,19.007,
,21.148,,,,,,,16.5,
,26.655,,,,,,,8.544,
,13.454,,,,,,,20.1,
,8.515,,,,,,,22.589,
,15.403,,,,,,,24.824,
,11,,,,,,,41.743,
,11,,,,,,,14.08,
,12.258,,,,,,,35.203,
,6.403,,,,,,,13.2,
,12.021,,,,,,,20,
,11.18,,,,,,,6,
,10.296,,,,,,,9.657,
,21.84,,,,,,,16.101,
,14.866,,,,,,,12.349,
,6.325,,,,,,,5.59,
,12.042,,,,,,,28.504,
,11.705,,,,,,,34.366,
,12.01,,,,,,,37.003,
,14.009,,,,,,,63.518,
,18.062,,,,,,,11.511,
,18.18,,,,,,,34.3,
,16.325,,,,,,,15.882,
,17.205,,,,,,,10.607,
,21.36,,,,,,,25.5,
,20.839,,,,,,,22.277,
,31.8,,,,,,,29.606,
,9.552,,,,,,,26.043,
,20.893,,,,,,,7.517,
,7.632,,,,,,,3.606,
,13.601,,,,,,,7.5,
,7.616,,,,,,,14,
,23.505,,,,,,,39.503,
,22.192,,,,,,,8.246,
,16.508,,,,,,,7.517,
,14.577,,,,,,,6.185,
,16.378,,,,,,,25.578,
,27.336,,,,,,,,
,8.559,,,,,,,,
,7.906,,,,,,,,
,9.552,,,,,,,,
,34,,,,,,,,
,27.295,,,,,,,,
,10,,,,,,,,
,14.916,,,,,,,,
,19.526,,,,,,,,
,11.045,,,,,,,,
,28.218,,,,,,,,
,26.618,,,,,,,,
,16.008,,,,,,,,
,21.054,,,,,,,,
,17.393,,,,,,,,
,30.927,,,,,,,,
,32.894,,,,,,,,
,27.609,,,,,,,,
,50.826,,,,,,,,
,12.298,,,,,,,,
,13.463,,,,,,,,
,9.055,,,,,,,,
,10.966,,,,,,,,
,11.597,,,,,,,,
